coef_,intercept_
[-13.015223885873443],3217.033775859377
